id,first_name,last_name,email,gender,country
1,Auguste,Feyer,afeyer0@instagram.com,Female,PE
2,Leann,Marrow,lmarrow1@zdnet.com,Female,HN
3,Arabela,Duchateau,aduchateau2@usnews.com,Female,BR
4,Cornela,Ledford,cledford3@geocities.jp,Non-binary,CO
5,Obed,Legrave,olegrave4@nhs.uk,Male,CN
6,Eugene,Lippi,elippi5@yahoo.co.jp,Male,GR
7,Rutherford,O'Corr,rocorr6@examiner.com,Male,LT
8,Gordie,Allin,gallin7@cocolog-nifty.com,Male,SE
9,Dru,Finlayson,dfinlayson8@shareasale.com,Bigender,CN
10,Lauritz,Kerwood,lkerwood9@booking.com,Bigender,CN
